{
  "version": 1,
  "author": "Prakoso Widyantoro",
  "editor": "wokwi",
  "parts": [
    { "type": "wokwi-esp32-devkit-v1", "id": "esp", "top": -9.47, "left": 1.08, "attrs": {} },
    {
      "type": "wokwi-dht22",
      "id": "dht1",
      "top": -94.4,
      "left": -108.1,
      "attrs": { "temperature": "25.7", "humidity": "26.5" }
    },
    {
      "type": "wokwi-led",
      "id": "led1",
      "top": 52.68,
      "left": 113.33,
      "attrs": { "color": "red", "flip": "" }
    },
    {
      "type": "wokwi-resistor",
      "id": "r1",
      "top": 115.23,
      "left": 128.59,
      "attrs": { "value": "330" }
    },
    { "type": "wokwi-potentiometer", "id": "pot1", "top": -96.72, "left": 151.21, "attrs": {} },
    {
      "type": "wokwi-pushbutton",
      "id": "btn1",
      "top": 210.7,
      "left": 143.47,
      "attrs": { "color": "green" }
    }
  ],
  "connections": [
    [ "esp:TX0", "$serialMonitor:RX", "", [] ],
    [ "esp:RX0", "$serialMonitor:TX", "", [] ],
    [ "dht1:GND", "esp:GND.2", "black", [ "v0" ] ],
    [ "dht1:VCC", "esp:3V3", "red", [ "v99.06", "h195.48" ] ],
    [ "r1:2", "led1:A", "red", [ "v0" ] ],
    [ "esp:D2", "r1:1", "red", [ "h0" ] ],
    [ "esp:GND.1", "led1:C", "black", [ "h0" ] ],
    [ "pot1:VCC", "esp:3V3", "red", [ "v64.93", "h-97.83" ] ],
    [ "pot1:GND", "esp:GND.1", "black", [ "h12.75", "v167.75" ] ],
    [ "esp:D34", "pot1:SIG", "green", [ "h-17.46", "v-54.19", "h169.85", "v28.69", "h32.76" ] ],
    [ "esp:D18", "dht1:SDA", "orange", [ "h-129.55", "v0.29", "h-56.43" ] ],
    [ "btn1:1.l", "esp:GND.1", "black", [ "h-15.11", "v-84.17" ] ],
    [ "btn1:2.l", "esp:D4", "blue", [ "h-27.04", "v-132.17" ] ]
  ],
  "dependencies": {}
}